# git tag version 3.1.0 |  motus version 3.1.0 | map_tax 3.1.0 | gene database: nr3.1.0 | calc_mgc 3.1.0 -y insert.scaled_counts -l 75 | calc_motu 3.1.0 -k mOTU -C no_CAMI -g 3 -c -p -u | taxonomy: ref_mOTU_3.1.0 meta_mOTU_3.1.0
# call: python /nfs3_ib/nfs-ip34/home/def-ilafores/programs/motu-profiler_env/bin/motus profile -f /nfs3_ib/nfs-ip34/home/def-ilafores/analysis/projet_PROVID19/Saliva/preproc/GQ21/GQ21_paired_1.fastq -r /nfs3_ib/nfs-ip34/home/def-ilafores/analysis/projet_PROVID19/Saliva/preproc/GQ21/GQ21_paired_2.fastq -s /nfs3_ib/nfs-ip34/home/def-ilafores/analysis/projet_PROVID19/Saliva/preproc/GQ21/GQ21_unmatched_1.fastq -s /nfs3_ib/nfs-ip34/home/def-ilafores/analysis/projet_PROVID19/Saliva/preproc/GQ21/GQ21_unmatched_2.fastq -n GQ21 -t 24 -u -c -p
#mOTU	consensus_taxonomy	NCBI_tax_id	GQ21
ref_mOTU_v31_00282	Streptococcus pneumoniae	1313	106
ref_mOTU_v31_00283	Streptococcus sp. [Streptococcus pneumoniae/Streptococcus sp. HMSC070B10/Streptococcus sp. HMSC063B03/Streptococcus sp. HMSC077D04/Streptococcus sp. HMSC073F11/Streptococcus sp. CCUG 49591/Streptococcus pseudopneumoniae/Streptococcus mitis/Streptococcus sp. M334]	NA	1903
ref_mOTU_v31_00284	Streptococcus pseudopneumoniae	257758	3
ref_mOTU_v31_00285	Streptococcus mitis	28037	6
ref_mOTU_v31_00286	Streptococcus sp. SK643	1095727	6
ref_mOTU_v31_00287	Streptococcus oralis	1303	18
ref_mOTU_v31_00288	Streptococcus oralis [Streptococcus oralis/Streptococcus sp. oral taxon 071/Streptococcus sp. F0441]	1303	24
ref_mOTU_v31_00289	Streptococcus oralis	1303	23
ref_mOTU_v31_00290	Streptococcus oralis [Streptococcus sp. BS35b/Streptococcus sp. BS21/Streptococcus sp. BS29a/Streptococcus sp. SR1/Streptococcus oralis/Streptococcus sp. CM6]	1303	13
ref_mOTU_v31_00291	Streptococcus oralis	1303	1
ref_mOTU_v31_00292	Streptococcus oralis	1303	25
ref_mOTU_v31_00293	Streptococcus sp. oral taxon 058	712622	4
ref_mOTU_v31_00294	Streptococcus oralis/mitis	NA	2
ref_mOTU_v31_00295	Streptococcus pseudopneumoniae	257758	1
ref_mOTU_v31_00296	Streptococcus oralis	1303	240
ref_mOTU_v31_00299	Streptococcus oralis	1303	2
ref_mOTU_v31_00300	Streptococcus peroris [Streptococcus sp. HMSC34B10/Streptococcus peroris]	68891	3
ref_mOTU_v31_00301	Streptococcus sp. [Streptococcus sp. SK140/Streptococcus oralis/Streptococcus sp. HMSC074B11/Streptococcus sp. HMSC061D10/Streptococcus sp. HMSC056C01/Streptococcus sp. HMSC034E03/Streptococcus sp. HMSC071D03/Streptococcus pseudopneumoniae/Streptococcus infantis/Streptococcus sp. oral taxon 431]	NA	251
ref_mOTU_v31_00302	Streptococcus infantis	68892	26
ref_mOTU_v31_00303	Streptococcus sp. HMSC067H01	1739491	26
ref_mOTU_v31_00304	Streptococcus sp. HPH0090	1203590	13
ref_mOTU_v31_00305	Streptococcus infantis	68892	11
ref_mOTU_v31_00306	Streptococcus infantis	68892	5
ref_mOTU_v31_00307	Streptococcus pseudopneumoniae/infantis [Streptococcus sp. HMSC062D07/Streptococcus pseudopneumoniae/Streptococcus infantis]	NA	330
ref_mOTU_v31_00308	Streptococcus infantis	68892	7
ref_mOTU_v31_00309	Streptococcus timonensis	1852387	832
ref_mOTU_v31_00310	Streptococcus sp. [Streptococcus sp. I-G2/Streptococcus sp. I-P16]	NA	146
ref_mOTU_v31_00311	Streptococcus australis [Streptococcus australis/Streptococcus sp. 400_SSPC/Streptococcus sp. 343_SSPC/Streptococcus sp. 1171_SSPC/Streptococcus sp. A12]	113107	222
ref_mOTU_v31_00312	Streptococcus parasanguinis [Streptococcus sp. HSISM1/Streptococcus parasanguinis/Streptococcus sp. HMSC074F05/Streptococcus sp. HMSC057G03/Streptococcus sp. HMSC076C09/Streptococcus sp. HMSC073D05/Streptococcus sp. HMSC072C09/Streptococcus sp. HMSC072G04/Streptococcus sp. HMSC061E03/Streptococcus sp. HMSC065C01/Streptococcus sp. HMSC078D09/Streptococcus sp. HMSC065E03]	1318	83
ref_mOTU_v31_00313	Streptococcus sp. F0442	999425	9
ref_mOTU_v31_00379	Lautropia mirabilis	47671	55
ref_mOTU_v31_00567	Streptococcus anginosus	1328	1
ref_mOTU_v31_00571	Streptococcus intermedius	1338	1
ref_mOTU_v31_00572	Streptococcus constellatus	76860	2
ref_mOTU_v31_00892	Capnocytophaga ochracea [Capnocytophaga ochracea/Capnocytophaga sp. oral taxon 323/Capnocytophaga sp. oral taxon 324/Capnocytophaga sp. oral taxon 335/Capnocytophaga sp. oral taxon 336/Capnocytophaga sp. oral taxon 380/Capnocytophaga sp. oral taxon 412]	1018	1
ref_mOTU_v31_00938	Haemophilus influenzae	727	3
ref_mOTU_v31_00939	Haemophilus sp. [Haemophilus quentini/Haemophilus sp. CCUG 66565/Haemophilus haemolyticus/Haemophilus influenzae/Haemophilus sp. oral taxon 851]	NA	10
ref_mOTU_v31_00940	Haemophilus sp. C1	1661745	5
ref_mOTU_v31_00999	Fusobacterium periodonticum	860	60
ref_mOTU_v31_01001	Fusobacterium nucleatum subsp. animalis [Fusobacterium sp. CAG:649/Fusobacterium sp. HMSC065F01/Fusobacterium nucleatum/Fusobacterium sp. CM1]	851	1
ref_mOTU_v31_01002	Fusobacterium nucleatum subsp. vincentii [Fusobacterium sp. HMSC064B12/Fusobacterium nucleatum]	851	1
ref_mOTU_v31_01003	Fusobacterium nucleatum subsp. nucleatum	851	2
ref_mOTU_v31_01004	Fusobacterium hwasookii/nucleatum [Fusobacterium sp. OBRC1/Fusobacterium hwasookii/Fusobacterium sp. HMSC064B11/Fusobacterium nucleatum/Fusobacterium sp. CM22]	NA	4
ref_mOTU_v31_01006	Prevotella buccae [Prevotella sp. MSX73/Prevotella buccae]	28126	3
ref_mOTU_v31_01068	Haemophilus parainfluenzae	729	89
ref_mOTU_v31_01073	Capnocytophaga sp. oral taxon 326	712212	2
ref_mOTU_v31_01074	Capnocytophaga sputigena	1019	18
ref_mOTU_v31_01079	Prevotellaceae bacterium Marseille-P2826	1852368	30
ref_mOTU_v31_01100	Haemophilus sputorum	1078480	9
ref_mOTU_v31_01348	Streptococcus thermophilus [Streptococcus thermophilus CAG:236/Streptococcus thermophilus]	1308	5
ref_mOTU_v31_01350	Streptococcus salivarius	1304	126
ref_mOTU_v31_01494	Morococcus cerebrosus [Morococcus cerebrosus/Neisseria sp. HMSC03D10/Neisseria sp. HMSC071C03/Neisseria sp. HMSC073B07/Neisseria sp. HMSC071B12]	1056807	1
ref_mOTU_v31_01495	Neisseria sicca/macacae [Neisseria sp. HMSC06F02/Neisseria sp. HMSC70E02/Neisseria sp. HMSC077D05/Neisseria sp. HMSC074B07/Neisseria sp. HMSC055H02/Neisseria sp. HMSC067H09/Neisseria sp. HMSC065D04/Neisseria sicca/Neisseria macacae/Neisseria sp. GT4A_CT1]	NA	26
ref_mOTU_v31_01496	Neisseriaceae sp. [Morococcus cerebrosus/Neisseria sp. HMSC15C08/Neisseria sp. HMSC059F02/Neisseria sp. HMSC055F11/Neisseria sp. HMSC064F04/Neisseria sp. HMSC070E12/Neisseria mucosa]	NA	8
ref_mOTU_v31_01497	Neisseria sp. HMSC072F04	1739348	5
ref_mOTU_v31_01498	Neisseria sp. HMSC064E01	1715052	5
ref_mOTU_v31_01499	Neisseria sicca	490	1
ref_mOTU_v31_01534	Neisseria lactamica	486	1
ref_mOTU_v31_01538	Neisseria gonorrhoeae	485	1
ref_mOTU_v31_01539	Neisseria meningitidis [Neisseria sp. HMSC070F02/Neisseria meningitidis]	487	35
ref_mOTU_v31_01586	Eikenella corrodens [Eikenella sp. HMSC061C02/Eikenella corrodens]	539	1
ref_mOTU_v31_01588	Eikenella sp. NML130454	1795832	1
ref_mOTU_v31_01589	Prevotella nigrescens	28133	8
ref_mOTU_v31_01591	Streptococcus sanguinis	1305	55
ref_mOTU_v31_01592	Streptococcus sanguinis	1305	3
ref_mOTU_v31_01835	Haemophilus paraphrohaemolyticus	736	6
ref_mOTU_v31_01836	Haemophilus parahaemolyticus	735	2
ref_mOTU_v31_01840	Prevotella veroralis	28137	1
ref_mOTU_v31_01841	Prevotella sp. oral taxon 306	712461	2
ref_mOTU_v31_01910	Isoptericola variabilis [Actinomyces sp. HPA0247/Isoptericola variabilis]	139208	5
ref_mOTU_v31_01911	Actinobacteria sp. [Schaalia odontolytica/Actinomyces sp. HMSC035G02/Xylanimonas cellulosilytica/Sanguibacter keddieii/Actinomyces sp. ICM54]	NA	47
ref_mOTU_v31_01912	Actinomyces sp. ICM39	1105029	2
ref_mOTU_v31_01913	Actinomyces sp. [Actinomyces sp. ICM58/Actinomyces sp. oral taxon 172]	NA	3
ref_mOTU_v31_01914	Actinomyces sp. ICM47	936548	21
ref_mOTU_v31_01915	Actinomyces bouchesdurhonensis	1852361	1
ref_mOTU_v31_01938	Veillonella parvula [Veillonella parvula/Veillonella sp. 6_1_27/Veillonella sp. 3_1_44]	29466	10
ref_mOTU_v31_01939	Veillonella rogosae [Veillonella rogosae/Veillonella sp. oral taxon 158]	423477	114
ref_mOTU_v31_01940	Veillonella dispar	39778	11
ref_mOTU_v31_01941	Veillonella atypica [Veillonella sp. HPA0037/Veillonella atypica/Veillonella sp. ACP1/Veillonella sp. ICM51a]	39777	6
ref_mOTU_v31_01942	Veillonella tobetsuensis	1110546	32
ref_mOTU_v31_01958	Slackia exigua [Slackia sp. CM382/Slackia exigua]	84109	1
ref_mOTU_v31_02017	Actinomyces johnsonii [Actinomyces johnsonii/Actinomyces sp. oral taxon 849]	544581	2
ref_mOTU_v31_02018	Actinomyces naeslundii	1655	28
ref_mOTU_v31_02019	Actinomyces oris	544580	159
ref_mOTU_v31_02020	Actinomyces sp. oral taxon 170	712117	30
ref_mOTU_v31_02098	Actinomyces dentalis	272548	2
ref_mOTU_v31_02100	Actinomycetaceae sp. [Actinomyces sp. oral taxon 877/Actinomyces hongkongensis/Schaalia georgiae/Actinomyces sp. oral taxon 178]	NA	2
ref_mOTU_v31_02172	Campylobacter curvus [Campylobacter curvus/Campylobacter sp. FOBRC14]	200	1
ref_mOTU_v31_02299	Leptotrichia buccalis	40542	1
ref_mOTU_v31_02300	Leptotrichia sp. oral taxon 879	1227267	1
ref_mOTU_v31_02302	Leptotrichia wadei	157687	6
ref_mOTU_v31_02303	Leptotrichia shahii	157691	1
ref_mOTU_v31_02392	Prevotella intermedia	28131	11
ref_mOTU_v31_02394	Prevotella loescheii [Prevotella sp. oral taxon 472/Prevotella loescheii]	840	3
ref_mOTU_v31_02395	Prevotella conceptionensis [Prevotella sp. HMSC073D09/Prevotella conceptionensis/Prevotella sp. oral taxon 317]	340486	2
ref_mOTU_v31_02396	Prevotella maculosa	439703	1
ref_mOTU_v31_02398	Prevotella nanceiensis [Prevotella nanceiensis/Prevotella sp. oral taxon 299]	425941	102
ref_mOTU_v31_02399	Prevotella oris [Prevotella sp. HMSC077E09/Prevotella sp. HMSC069G02/Prevotella sp. HMSC077E08/Prevotella oris]	28135	4
ref_mOTU_v31_02435	Selenomonas artemidis [Selenomonas artemidis/Selenomonas sp. oral taxon 137/Selenomonas sp. FOBRC9]	671224	1
ref_mOTU_v31_02442	Solobacterium moorei	102148	2
ref_mOTU_v31_02517	Treponema medium	58231	1
ref_mOTU_v31_02518	Treponema sp. OMZ 838	1539298	1
ref_mOTU_v31_02522	Actinomyces massiliensis	461393	3
ref_mOTU_v31_02523	Porphyromonas somerae [Porphyromonadaceae bacterium KA00676/Porphyromonas somerae/Porphyromonas sp. oral taxon 279/Porphyromonas sp. KLE 1280]	322095	341
ref_mOTU_v31_02524	Rothia aeria/dentocariosa	NA	41
ref_mOTU_v31_02532	Selenomonas sp. oral taxon 138	712532	1
ref_mOTU_v31_02534	Selenomonas sp. oral taxon 126	712528	1
ref_mOTU_v31_02535	Porphyromonas catoniae	41976	7
ref_mOTU_v31_02536	Prevotella saccharolytica	633701	1
ref_mOTU_v31_02794	Prevotella scopos	589437	4
ref_mOTU_v31_02795	Prevotella melaninogenica [Prevotella sp. ICM33/Prevotella melaninogenica]	28132	45
ref_mOTU_v31_02796	Prevotella sp. F0091	1227276	3
ref_mOTU_v31_02797	Prevotella sp. C561	563031	11
ref_mOTU_v31_02949	Atopobium parvulum [Atopobium sp. ICM42b/Atopobium parvulum/Atopobium sp. BS2]	1382	29
ref_mOTU_v31_02950	Atopobium parvulum	1382	1
ref_mOTU_v31_03217	Pseudopropionibacterium propionicum	1750	5
ref_mOTU_v31_03281	Peptostreptococcus stomatis	341694	14
ref_mOTU_v31_03484	Prevotella oulorum	28136	1
ref_mOTU_v31_03486	Prevotella histicola	470565	4
ref_mOTU_v31_03518	Campylobacter concisus [Campylobacter concisus/Campylobacter sp. 10_1_50]	199	10
ref_mOTU_v31_03691	Dialister invisus [Dialister invisus CAG:218/Dialister invisus]	218538	1
ref_mOTU_v31_03846	Actinomyces marseillensis/pacaensis [Actinomyces sp. S6-Spd3/Actinomyces marseillensis/Actinomyces pacaensis]	NA	82
ref_mOTU_v31_03965	Streptococcus sinensis [Streptococcus sinensis/Streptococcus sp. DD04]	176090	1
ref_mOTU_v31_03966	Streptococcus cristatus	45634	27
ref_mOTU_v31_03967	Streptococcus cristatus	45634	20
ref_mOTU_v31_03968	Streptococcus cristatus	45634	7
ref_mOTU_v31_03969	Streptococcus gordonii [Streptococcus gordonii/Streptococcus sp. oral taxon 056]	1302	4
ref_mOTU_v31_03970	Streptococcus gordonii	1302	5
ref_mOTU_v31_04027	Tannerella forsythia	28112	1
ref_mOTU_v31_04048	Aggregatibacter aphrophilus	732	2
ref_mOTU_v31_04051	Leptotrichia sp. oral taxon 215	712359	42
ref_mOTU_v31_04052	Leptotrichia sp. oral taxon 212	712357	4
ref_mOTU_v31_04053	Oribacterium sp. oral taxon 078	652706	2
ref_mOTU_v31_04054	Actinomyces graevenitzii	55565	18
ref_mOTU_v31_04076	Prevotella dentalis/seregens	NA	1
ref_mOTU_v31_04194	Gemella haemolysans	1379	14
ref_mOTU_v31_04195	Staphylococcaceae sp. [Gemella haemolysans/Staphylococcus pasteuri]	NA	25
ref_mOTU_v31_04230	Atopobium rimae [Atopobium rimae/Atopobium sp. HMSC064B08]	1383	1
ref_mOTU_v31_04233	Veillonella sp. [Veillonella sp. DNF00869/Veillonella sp. oral taxon 780]	NA	50
ref_mOTU_v31_04252	Prevotella salivae	228604	2
ref_mOTU_v31_04287	Parvimonas micra	33033	1
ref_mOTU_v31_04303	Gemella sanguinis	84135	93
ref_mOTU_v31_04782	Granulicatella adiacens [Granulicatella sp. HMSC30F09/Granulicatella sp. HMSC31F03/Granulicatella sp. 572.rep1_STHE/Granulicatella sp. 572.rep2_STHE/Granulicatella adiacens]	46124	42
ref_mOTU_v31_04783	Streptococcus sp. 263_SSPC	1579343	144
ref_mOTU_v31_04788	Abiotrophia defectiva [Abiotrophia sp. HMSC24B09/Abiotrophia defectiva]	46125	108
ref_mOTU_v31_04789	Neisseria elongata	495	8
ref_mOTU_v31_04790	Neisseria elongata [Neisseria sp. HMSC31F04/Neisseria elongata]	495	6
ref_mOTU_v31_04794	Neisseria sp. [Neisseria sp. HMSC066H01/Neisseria sp. HMSC078C12/Neisseria sp. HMSC061B04/Neisseria sp. HMSC070A01/Neisseria lactamica/Neisseria meningitidis/Neisseria mucosa]	NA	73
ref_mOTU_v31_04795	Neisseria meningitidis [Neisseria sp. HMSC065C04/Neisseria meningitidis]	487	23
ref_mOTU_v31_04796	Neisseria subflava/meningitidis [Neisseria sp. HMSC072B12/Neisseria sp. HMSC058F07/Neisseria sp. HMSC075C12/Neisseria sp. HMSC063B05/Neisseria sp. HMSC071A01/Neisseria sp. HMSC067H04/Neisseria sp. HMSC067G12/Neisseria sp. HMSC067G11/Neisseria sp. HMSC068C12/Neisseria subflava/Neisseria meningitidis]	NA	65
ref_mOTU_v31_04797	Neisseria flavescens [Neisseria sp. HMSC064D07/Neisseria flavescens]	484	23
ref_mOTU_v31_04798	Neisseria sp. [Neisseria sp. HMSC15G01/Neisseria sp. HMSC064F03/Neisseria sp. HMSC078H04/Neisseria sp. HMSC056A04/Neisseria sp. HMSC070H10/Neisseria sp. HMSC072C05/Neisseria sp. HMSC066F04/Neisseria sp. HMSC061H08/Neisseria sp. HMSC068C04/Neisseria sp. HMSC061E12/Neisseria sp. HMSC073G10/Neisseria sp. HMSC069H12/Neisseria sp. HMSC066B07/Neisseria sp. HMSC075C10/Neisseria sp. HMSC056A03/Neisseria flavescens/Neisseria lactamica/Neisseria meningitidis]	NA	236
ref_mOTU_v31_04800	Rothia dentocariosa [Rothia sp. HMSC08A08/Rothia sp. HMSC071F11/Rothia sp. HMSC058E10/Rothia sp. HMSC064D08/Rothia sp. HMSC067H10/Rothia sp. HMSC065G12/Rothia sp. HMSC036D11/Rothia sp. HMSC069C01/Rothia sp. HMSC065D02/Rothia dentocariosa]	2047	56
ref_mOTU_v31_05265	Rothia mucilaginosa [Rothia sp. HMSC071B01/Rothia sp. HMSC078H08/Rothia sp. HMSC065C03/Rothia sp. HMSC061D12/Rothia sp. HMSC069D01/Rothia sp. HMSC064F07/Rothia sp. HMSC075F09/Rothia sp. HMSC062H08/Rothia sp. HMSC065C12/Rothia sp. HMSC069C10/Rothia sp. HMSC065B04/Rothia sp. HMSC069C04/Rothia sp. HMSC073B08/Rothia sp. HMSC066G02/Rothia sp. HMSC068E02/Rothia sp. HMSC061E04/Rothia sp. HMSC072B04/Rothia sp. HMSC071C12/Rothia sp. HMSC066G07/Rothia sp. HMSC076D04/Rothia sp. HMSC066H02/Rothia sp. HMSC065D09/Rothia sp. HMSC061C12/Rothia mucilaginosa]	43675	216
ref_mOTU_v31_05890	Actinomyces sp. [Actinomycetaceae bacterium BA112/Actinomyces sp. oral taxon 848]	NA	1
ref_mOTU_v31_06072	Treponema denticola	158	1
ref_mOTU_v31_06128	Cardiobacterium hominis	2718	8
ref_mOTU_v31_06198	Eggerthia catenaformis	31973	2
ref_mOTU_v31_06267	[Eubacterium] yurii [[Eubacterium] yurii/Peptostreptococcaceae bacterium AS15]	39498	2
ref_mOTU_v31_06312	Capnocytophaga granulosa [Capnocytophaga granulosa/Capnocytophaga sp. CM59]	45242	3
ref_mOTU_v31_06365	Selenomonas sputigena [Selenomonas sputigena/Selenomonas sp. CM52]	69823	14
ref_mOTU_v31_06367	Corynebacterium matruchotii	43768	3
ref_mOTU_v31_06382	Selenomonas noxia	135083	2
ref_mOTU_v31_06392	Leptotrichia goodfellowii	157692	1
ref_mOTU_v31_06402	Selenomonas sp. [Selenomonas sp. oral taxon 149/Selenomonas sp. oral taxon 478/Selenomonas sp. oral taxon 136]	NA	2
ref_mOTU_v31_06403	Selenomonas flueggei	135080	3
ref_mOTU_v31_06445	Oribacterium parvum	1501329	15
ref_mOTU_v31_06446	Oribacterium asaccharolyticum [Oribacterium asaccharolyticum/Oribacterium sp. oral taxon 108]	1501332	2
ref_mOTU_v31_06466	[Eubacterium] sulci	143393	53
ref_mOTU_v31_06467	[Eubacterium] infirmum	56774	4
ref_mOTU_v31_06478	Lachnoanaerobaculum sp. [Lachnoanaerobaculum sp. ICM7/Lachnoanaerobaculum sp. OBRC5-5/Lachnoanaerobaculum sp. MSX33]	NA	17
ref_mOTU_v31_06543	Corynebacterium durum	61592	37
ref_mOTU_v31_06712	Actinomyces gerencseriae	52769	3
ref_mOTU_v31_07011	Prevotella shahii	228603	26
ref_mOTU_v31_07147	Capnocytophaga sp. oral taxon 332	712213	2
ref_mOTU_v31_07224	[Eubacterium] nodatum	35518	2
ref_mOTU_v31_07446	Actinobaculum sp. oral taxon 183	712888	1
ref_mOTU_v31_07938	Selenomonas sp. oral taxon 892	1321785	3
ref_mOTU_v31_07939	[Eubacterium] brachy	35517	4
ref_mOTU_v31_07940	Treponema lecithinolyticum	53418	1
ref_mOTU_v31_08897	Ottowia sp. oral taxon 894	1658672	1
ref_mOTU_v31_10294	Selenomonas sp. oral taxon 920	1884263	1
ref_mOTU_v31_11446	Filifactor alocis	143361	3
ref_mOTU_v31_11465	Porphyromonas endodontalis	28124	4
ref_mOTU_v31_11466	Capnocytophaga gingivalis	1017	6
ref_mOTU_v31_11495	Gemella morbillorum	29391	8
ref_mOTU_v31_11549	Bacteroidetes oral taxon 274	652708	2
ref_mOTU_v31_11576	Oribacterium sinus	237576	44
ref_mOTU_v31_11593	Catonella morbi	43997	2
ref_mOTU_v31_11628	Granulicatella elegans	137732	44
ref_mOTU_v31_11629	Alloprevotella tannerae	76122	2
ref_mOTU_v31_11632	Kingella oralis	505	1
ref_mOTU_v31_11761	Alloprevotella rava	671218	3
ref_mOTU_v31_11762	Johnsonella ignava	43995	1
ref_mOTU_v31_11763	Selenomonas infelix	135082	1
ref_mOTU_v31_11823	Megasphaera micronuciformis	187326	1
ref_mOTU_v31_11824	Capnocytophaga sp. oral taxon 329	706435	12
ref_mOTU_v31_11969	Scardovia wiggsiae	230143	1
ref_mOTU_v31_11977	Anaeroglobus geminatus	156456	2
ref_mOTU_v31_12049	Actinomyces sp. oral taxon 448	712124	1
ref_mOTU_v31_12053	Kingella denitrificans	502	1
ref_mOTU_v31_12220	Prevotella pallens	60133	57
meta_mOTU_v31_12244	Peptostreptococcaceae species incertae sedis	NA	13
meta_mOTU_v31_12274	Flavobacteriaceae species incertae sedis	NA	9
meta_mOTU_v31_12278	Prevotellaceae species incertae sedis	NA	5
meta_mOTU_v31_12290	Mogibacterium species incertae sedis	NA	31
meta_mOTU_v31_12312	Bacteroidales species incertae sedis	NA	186
meta_mOTU_v31_12318	Clostridiales species incertae sedis	NA	36
meta_mOTU_v31_12337	Peptostreptococcaceae species incertae sedis	NA	493
meta_mOTU_v31_12344	Bacteria species incertae sedis	NA	12
meta_mOTU_v31_12359	Bacteroidales species incertae sedis	NA	9
meta_mOTU_v31_12360	Leptotrichia species incertae sedis	NA	3
meta_mOTU_v31_12381	Parvimonas species incertae sedis	NA	209
meta_mOTU_v31_12387	Solobacterium species incertae sedis	NA	98
meta_mOTU_v31_12392	Tannerella sp. oral taxon HOT-286	712710	5
meta_mOTU_v31_12444	Bacteria species incertae sedis	NA	211
meta_mOTU_v31_12478	Clostridium species incertae sedis	NA	2
meta_mOTU_v31_12514	Firmicutes species incertae sedis	NA	4
meta_mOTU_v31_12532	Bacteroidales species incertae sedis	NA	1
meta_mOTU_v31_12555	Campylobacter species incertae sedis	NA	5
meta_mOTU_v31_12582	Catonella morbi	43997	43
meta_mOTU_v31_12593	Capnocytophaga species incertae sedis	NA	2
meta_mOTU_v31_12605	Stomatobaculum longum	796942	46
meta_mOTU_v31_12620	Prevotella species incertae sedis	NA	6
meta_mOTU_v31_12676	Capnocytophaga species incertae sedis	NA	2
meta_mOTU_v31_12689	Bacteria species incertae sedis	NA	15
meta_mOTU_v31_12697	Oribacterium species incertae sedis	NA	13
meta_mOTU_v31_12727	Bacteria species incertae sedis	NA	4
meta_mOTU_v31_12734	Bacteria species incertae sedis	NA	23
meta_mOTU_v31_12754	Bacteria species incertae sedis	NA	1
meta_mOTU_v31_12777	Clostridiales species incertae sedis	NA	2
meta_mOTU_v31_12801	Pasteurellaceae species incertae sedis	NA	2
meta_mOTU_v31_12807	Lactobacillales species incertae sedis	NA	247
meta_mOTU_v31_12847	Bacteria species incertae sedis	NA	5
meta_mOTU_v31_12860	Treponema species incertae sedis	NA	2
meta_mOTU_v31_12865	Porphyromonadaceae species incertae sedis	NA	36
meta_mOTU_v31_12881	Porphyromonadaceae species incertae sedis	NA	13
meta_mOTU_v31_12961	Leptotrichia species incertae sedis	NA	4
meta_mOTU_v31_12990	Porphyromonadaceae species incertae sedis	NA	2
meta_mOTU_v31_13009	Bacteria species incertae sedis	NA	74
meta_mOTU_v31_13055	Firmicutes species incertae sedis	NA	13
meta_mOTU_v31_13062	Prevotellaceae species incertae sedis	NA	2
meta_mOTU_v31_13077	Clostridium species incertae sedis	NA	74
meta_mOTU_v31_13094	Flavobacteriaceae species incertae sedis	NA	1
meta_mOTU_v31_13116	Bacteria species incertae sedis	NA	29
meta_mOTU_v31_13135	Veillonella species incertae sedis	NA	12
meta_mOTU_v31_13161	Bacteria species incertae sedis	NA	10
meta_mOTU_v31_13183	Treponema species incertae sedis	NA	2
meta_mOTU_v31_13218	Pasteurellaceae species incertae sedis	NA	7
meta_mOTU_v31_13244	Clostridiales species incertae sedis	NA	10
meta_mOTU_v31_13253	Pasteurellaceae species incertae sedis	NA	8
meta_mOTU_v31_13275	Selenomonadaceae species incertae sedis	NA	2
meta_mOTU_v31_13282	Firmicutes species incertae sedis	NA	15
meta_mOTU_v31_13356	Lachnospiraceae species incertae sedis	NA	2
meta_mOTU_v31_13384	Treponema species incertae sedis	NA	5
meta_mOTU_v31_13394	Bacteria species incertae sedis	NA	2
meta_mOTU_v31_13402	Bacteria species incertae sedis	NA	14
meta_mOTU_v31_13445	Peptostreptococcaceae species incertae sedis	NA	67
meta_mOTU_v31_13483	Bacteria species incertae sedis	NA	141
meta_mOTU_v31_13504	Clostridiales species incertae sedis	NA	14
meta_mOTU_v31_13658	Bacteroidia species incertae sedis	NA	3
meta_mOTU_v31_13691	Clostridiales species incertae sedis	NA	2
meta_mOTU_v31_13692	Prevotella species incertae sedis	NA	15
meta_mOTU_v31_13752	Bacteria species incertae sedis	NA	18
meta_mOTU_v31_13810	Peptostreptococcaceae species incertae sedis	NA	48
meta_mOTU_v31_13984	Pseudopropionibacterium propionicum	1750	1
meta_mOTU_v31_14124	Bacteria species incertae sedis	NA	2
meta_mOTU_v31_14177	Atopobium species incertae sedis	NA	5
meta_mOTU_v31_14369	Prevotella species incertae sedis	NA	1
meta_mOTU_v31_14387	Clostridiales species incertae sedis	NA	3
meta_mOTU_v31_14420	Bacteria species incertae sedis	NA	8
meta_mOTU_v31_14453	Bacteria species incertae sedis	NA	8
meta_mOTU_v31_14486	Bacteria species incertae sedis	NA	2
meta_mOTU_v31_14516	Bacillales species incertae sedis	NA	24
ext_mOTU_v31_17399	Actinomyces species incertae sedis	NA	8
ext_mOTU_v31_17438	Streptococcus species incertae sedis	NA	50
ext_mOTU_v31_17439	Streptococcus species incertae sedis	NA	60
ext_mOTU_v31_17443	Streptococcus species incertae sedis	NA	2
ext_mOTU_v31_17444	Streptococcus species incertae sedis	NA	7
ext_mOTU_v31_17446	Streptococcus species incertae sedis	NA	2
ext_mOTU_v31_17471	Streptococcus species incertae sedis	NA	15
ext_mOTU_v31_17472	Streptococcus species incertae sedis	NA	24
ext_mOTU_v31_17473	Streptococcus species incertae sedis	NA	55
ext_mOTU_v31_17848	Candidatus Saccharibacteria species incertae sedis	NA	11
ext_mOTU_v31_17849	Candidatus Saccharibacteria species incertae sedis	NA	23
ext_mOTU_v31_17850	Candidatus Saccharibacteria species incertae sedis	NA	46
ext_mOTU_v31_17851	Candidatus Saccharibacteria species incertae sedis	NA	6
ext_mOTU_v31_17852	Candidatus Saccharibacteria species incertae sedis	NA	36
ext_mOTU_v31_17853	Candidatus Saccharibacteria species incertae sedis	NA	5
ext_mOTU_v31_17854	Candidatus Saccharibacteria species incertae sedis	NA	9
ext_mOTU_v31_17855	Candidatus Saccharibacteria species incertae sedis	NA	8
ext_mOTU_v31_17856	Candidatus Saccharibacteria species incertae sedis	NA	7
ext_mOTU_v31_17857	Candidatus Saccharibacteria species incertae sedis	NA	14
ext_mOTU_v31_17858	Candidatus Saccharibacteria species incertae sedis	NA	8
ext_mOTU_v31_17915	Veillonella species incertae sedis	NA	3
ext_mOTU_v31_18018	Actinomyces species incertae sedis	NA	3
ext_mOTU_v31_18022	Streptococcus species incertae sedis	NA	47
ext_mOTU_v31_18023	Streptococcus species incertae sedis	NA	26
ext_mOTU_v31_18024	Streptococcus species incertae sedis	NA	79
ext_mOTU_v31_18027	Actinomyces species incertae sedis	NA	32
ext_mOTU_v31_18159	Leptotrichia species incertae sedis	NA	7
ext_mOTU_v31_18208	Streptococcus species incertae sedis	NA	3
ext_mOTU_v31_18787	Streptococcus species incertae sedis	NA	3
ext_mOTU_v31_19620	Prevotellaceae species incertae sedis	NA	95
ext_mOTU_v31_19623	Treponema species incertae sedis	NA	4
ext_mOTU_v31_19627	Capnocytophaga species incertae sedis	NA	16
ext_mOTU_v31_19629	Capnocytophaga species incertae sedis	NA	1
ext_mOTU_v31_19642	Erysipelotrichaceae species incertae sedis	NA	6
ext_mOTU_v31_19643	Granulicatella species incertae sedis	NA	28
ext_mOTU_v31_19644	Streptococcus species incertae sedis	NA	6
ext_mOTU_v31_19645	Lachnospiraceae species incertae sedis	NA	21
ext_mOTU_v31_19650	Aggregatibacter species incertae sedis	NA	3
ext_mOTU_v31_19652	Aggregatibacter species incertae sedis	NA	1
ext_mOTU_v31_19663	Neisseria species incertae sedis	NA	2
ext_mOTU_v31_19665	Mycoplasma species incertae sedis	NA	2
ext_mOTU_v31_19669	Selenomonas species incertae sedis	NA	1
ext_mOTU_v31_19670	Streptococcus species incertae sedis	NA	205
ext_mOTU_v31_19671	Streptococcus species incertae sedis	NA	27
ext_mOTU_v31_19674	Peptoanaerobacter species incertae sedis	NA	3
ext_mOTU_v31_19679	Candidatus Saccharibacteria species incertae sedis	NA	1
ext_mOTU_v31_19684	Candidatus Saccharibacteria species incertae sedis	NA	3
ext_mOTU_v31_19685	Candidatus Saccharibacteria species incertae sedis	NA	2
ext_mOTU_v31_19689	Candidatus Saccharibacteria species incertae sedis	NA	2
ext_mOTU_v31_19690	Candidatus Saccharibacteria species incertae sedis	NA	2
ext_mOTU_v31_19693	Candidatus Saccharibacteria species incertae sedis	NA	1
ext_mOTU_v31_19696	Candidatus Saccharibacteria species incertae sedis	NA	2
ext_mOTU_v31_19700	Candidatus Saccharibacteria species incertae sedis	NA	1
ext_mOTU_v31_19701	Candidatus Saccharibacteria species incertae sedis	NA	1
ext_mOTU_v31_19702	Candidatus Saccharibacteria species incertae sedis	NA	1
ext_mOTU_v31_19708	Candidatus Saccharibacteria species incertae sedis	NA	2
ext_mOTU_v31_19709	Candidatus Saccharibacteria species incertae sedis	NA	2
ext_mOTU_v31_19711	Candidatus Saccharibacteria species incertae sedis	NA	9
ext_mOTU_v31_19712	Candidatus Saccharibacteria species incertae sedis	NA	8
ext_mOTU_v31_19713	Candidatus Saccharibacteria species incertae sedis	NA	6
ext_mOTU_v31_19714	Candidatus Saccharibacteria species incertae sedis	NA	3
ext_mOTU_v31_19716	Bacteria species incertae sedis	NA	2
ext_mOTU_v31_19718	Bacteria species incertae sedis	NA	5
ext_mOTU_v31_19721	Candidatus Saccharibacteria species incertae sedis	NA	4
ext_mOTU_v31_19739	Bacteria species incertae sedis	NA	1
ext_mOTU_v31_19746	Actinomyces species incertae sedis	NA	3
ext_mOTU_v31_26700	Streptococcus species incertae sedis	NA	5
ext_mOTU_v31_26785	Atopobium species incertae sedis	NA	1
ext_mOTU_v31_26808	Haemophilus species incertae sedis	NA	3
ext_mOTU_v31_26865	Haemophilus species incertae sedis	NA	2
ext_mOTU_v31_26926	Candidatus Saccharibacteria species incertae sedis	NA	30
ext_mOTU_v31_27007	Streptococcus species incertae sedis	NA	3
ext_mOTU_v31_27080	Haemophilus species incertae sedis	NA	2
ext_mOTU_v31_27189	Candidatus Saccharibacteria species incertae sedis	NA	7
ext_mOTU_v31_27193	Atopobium species incertae sedis	NA	10
ext_mOTU_v31_27194	Gemella species incertae sedis	NA	2
ext_mOTU_v31_27195	Granulicatella species incertae sedis	NA	43
ext_mOTU_v31_27196	Streptococcus species incertae sedis	NA	4
ext_mOTU_v31_27231	Capnocytophaga species incertae sedis	NA	1
ext_mOTU_v31_27237	Streptococcus species incertae sedis	NA	3
ext_mOTU_v31_28178	Streptococcus species incertae sedis	NA	37
ext_mOTU_v31_28185	Streptococcus species incertae sedis	NA	10
ext_mOTU_v31_29351	Bacteroidia species incertae sedis	NA	2
ext_mOTU_v31_29354	Atopobium species incertae sedis	NA	53
ext_mOTU_v31_29357	Atopobium species incertae sedis	NA	3
ext_mOTU_v31_29390	Treponema species incertae sedis	NA	1
ext_mOTU_v31_29392	Treponema species incertae sedis	NA	2
ext_mOTU_v31_29394	Treponema species incertae sedis	NA	3
ext_mOTU_v31_29396	Lachnospiraceae species incertae sedis	NA	9
ext_mOTU_v31_29399	Lachnospiraceae species incertae sedis	NA	2
ext_mOTU_v31_29403	Aggregatibacter species incertae sedis	NA	5
ext_mOTU_v31_29408	Streptococcus species incertae sedis	NA	3
ext_mOTU_v31_29409	Streptococcus species incertae sedis	NA	2
ext_mOTU_v31_29420	Eikenella species incertae sedis	NA	2
ext_mOTU_v31_29427	Selenomonas species incertae sedis	NA	7
ext_mOTU_v31_29428	Streptococcus species incertae sedis	NA	33
ext_mOTU_v31_29429	Streptococcus species incertae sedis	NA	20
ext_mOTU_v31_29432	Streptococcus species incertae sedis	NA	2
ext_mOTU_v31_29437	Streptococcus species incertae sedis	NA	15
ext_mOTU_v31_29438	Streptococcus species incertae sedis	NA	2
ext_mOTU_v31_29442	Selenomonas species incertae sedis	NA	5
ext_mOTU_v31_29446	Neisseria species incertae sedis	NA	1
ext_mOTU_v31_29450	Streptococcus species incertae sedis	NA	2
ext_mOTU_v31_29454	Streptococcus species incertae sedis	NA	6
ext_mOTU_v31_29457	Streptococcus species incertae sedis	NA	11
ext_mOTU_v31_29458	Neisseria species incertae sedis	NA	5
ext_mOTU_v31_29459	Neisseria species incertae sedis	NA	5
ext_mOTU_v31_29460	Neisseria species incertae sedis	NA	6
ext_mOTU_v31_29461	Neisseria species incertae sedis	NA	21
ext_mOTU_v31_29463	Streptococcus species incertae sedis	NA	2
ext_mOTU_v31_29465	Streptococcus species incertae sedis	NA	2
ext_mOTU_v31_29469	Streptococcus species incertae sedis	NA	9
ext_mOTU_v31_29471	Neisseria species incertae sedis	NA	2
ext_mOTU_v31_29472	Streptococcus species incertae sedis	NA	6
ext_mOTU_v31_29474	Streptococcus species incertae sedis	NA	16
ext_mOTU_v31_29476	Streptococcus species incertae sedis	NA	2
ext_mOTU_v31_29477	Streptococcus species incertae sedis	NA	3
ext_mOTU_v31_29479	Streptococcus species incertae sedis	NA	10
ext_mOTU_v31_29480	Streptococcus species incertae sedis	NA	22
ext_mOTU_v31_29483	Streptococcus species incertae sedis	NA	39
ext_mOTU_v31_29484	Streptococcus species incertae sedis	NA	58
ext_mOTU_v31_29490	Streptococcus species incertae sedis	NA	8
ext_mOTU_v31_29495	Streptococcus species incertae sedis	NA	1
ext_mOTU_v31_29496	Streptococcus species incertae sedis	NA	14
ext_mOTU_v31_29497	Candidatus Saccharibacteria species incertae sedis	NA	2
ext_mOTU_v31_29509	Actinomyces species incertae sedis	NA	105
ext_mOTU_v31_29510	Actinomyces species incertae sedis	NA	18
ext_mOTU_v31_29519	Candidatus Saccharibacteria species incertae sedis	NA	24
ext_mOTU_v31_29523	Candidatus Saccharibacteria species incertae sedis	NA	5
ext_mOTU_v31_29528	Candidatus Saccharibacteria species incertae sedis	NA	6
ext_mOTU_v31_29534	Bacteria species incertae sedis	NA	4
ext_mOTU_v31_29539	Candidatus Saccharibacteria species incertae sedis	NA	2
ext_mOTU_v31_29540	Candidatus Saccharibacteria species incertae sedis	NA	2
ext_mOTU_v31_29542	Candidatus Saccharibacteria species incertae sedis	NA	33
ext_mOTU_v31_29543	Actinomyces species incertae sedis	NA	79
ext_mOTU_v31_29544	Candidatus Saccharibacteria species incertae sedis	NA	3
ext_mOTU_v31_29553	Candidatus Saccharibacteria species incertae sedis	NA	22
ext_mOTU_v31_29554	Candidatus Saccharibacteria species incertae sedis	NA	4
ext_mOTU_v31_29558	Candidatus Saccharibacteria species incertae sedis	NA	5
ext_mOTU_v31_29560	Candidatus Saccharibacteria species incertae sedis	NA	4
ext_mOTU_v31_29564	Propionibacteriaceae species incertae sedis	NA	4
ext_mOTU_v31_29566	Bacteria species incertae sedis	NA	1
ext_mOTU_v31_29568	Candidatus Saccharibacteria species incertae sedis	NA	22
ext_mOTU_v31_29571	Candidatus Saccharibacteria species incertae sedis	NA	2
ext_mOTU_v31_29574	Candidatus Saccharibacteria species incertae sedis	NA	7
ext_mOTU_v31_29581	Candidatus Saccharibacteria species incertae sedis	NA	1
ext_mOTU_v31_29585	Campylobacter species incertae sedis	NA	1
ext_mOTU_v31_29587	Candidatus Saccharibacteria species incertae sedis	NA	5
ext_mOTU_v31_29588	Candidatus Saccharibacteria species incertae sedis	NA	3
ext_mOTU_v31_29590	Candidatus Saccharibacteria species incertae sedis	NA	12
ext_mOTU_v31_29593	Campylobacter species incertae sedis	NA	1
ext_mOTU_v31_29594	Candidatus Saccharibacteria species incertae sedis	NA	5
ext_mOTU_v31_29596	Candidatus Saccharibacteria species incertae sedis	NA	2
ext_mOTU_v31_29602	Bacteria species incertae sedis	NA	2
ext_mOTU_v31_29605	Actinomyces species incertae sedis	NA	3
ext_mOTU_v31_29606	Actinomyces species incertae sedis	NA	1
ext_mOTU_v31_29609	Candidatus Saccharibacteria species incertae sedis	NA	6
ext_mOTU_v31_29614	Candidatus Saccharibacteria species incertae sedis	NA	1
ext_mOTU_v31_29615	Candidatus Saccharibacteria species incertae sedis	NA	21
ext_mOTU_v31_29616	Actinomycetaceae species incertae sedis	NA	1
unassigned	unassigned	NA	732
